https://fpt-software.udemy.com/course/master-android-7-nougat-java-app-development-step-by-step/,daeb94cfbe2349a19e694b3a2acfc02d,019063348791996391adfcd32e63a98e
https://fpt-software.udemy.com/course/the-complete-android-oreo-developer-course/,72f61eb8368b4aee8e39527649014033,68eddf8692ae3f3bb24ee440fc46205d
https://fpt-software.udemy.com/course/android-multithreading/,ed841328f5fb484c9617417573107444,89ad5296256ca4e90d115e2cc6c395ba
https://fpt-software.udemy.com/course/android-kotlin-developer/,2174cd93297f4429ab7cc21f9695af89,1cde04876fe22fd826da2523272ad3ed
https://fpt-software.udemy.com/course/complete-android-n-developer-course/,2c360925edcf42c0b065127eae6119e6,a9e85128703606f10503b7e3a5b89dd7
https://fpt-software.udemy.com/course/android-oreo-kotlin-app-masterclass/,be71591b13d54e3cb5546770546c9376,3452c65bbb7a2948c6afd1638da95351
https://fpt-software.udemy.com/course/android-architecture-componentsmvvm-with-dagger-retrofit/,c085a5eef81141b98bbe8382e8cadaa4,ab209d19089f666912f8fee0f0a9e7dd
https://fpt-software.udemy.com/course/android-architecture/,8ea42dac9ab5464a85bc71458dc95ee1,dd18e5f6175de1fc54c1d4015907f904
https://fpt-software.udemy.com/course/jetpack-compose-masterclass/,cad9ef6508214b86bf16df084aa86b7c,a9b3ab507d4d4901e2007b8ec3c4e0bb
https://fpt-software.udemy.com/course/kotlin-android/,0d671d4a9e01421f86b36a2520895285,bf7ea80bf54a9ee23b85c581be01ab5d
https://fpt-software.udemy.com/course/kotlin-android-developer-masterclass/,69dd596248524ebfa4c7f5248f6da01c,8d07e5db29393e7b765c960861512a1c
https://fpt-software.udemy.com/course/android-development-java-android-studio-masterclass/,773c33281d0f4b83aa7bef58d35a3c72,7b914a0126d07aba2ee8e1e6a876b81a
