https://fpt-software.udemy.com/course/vmware-nsxt-fundamentals/,1dba0fdae01945c8833ae8438cbb63ba,8e1976c8711d78fe10a3275deb9342a7
https://fpt-software.udemy.com/course/vmware-nsx-t-30-fundamentals-part-two-security-2020-nsx/,bd419bd98f5a4e989d75483b60bf6ff7,4cf0153574bc80b9b690c6d0b78540f9
https://fpt-software.udemy.com/course/cisco-asa-firewall-fundamentals/,6ad987d04cfd4d4cb20ba325ec143546,37712cbc330960bcd2d2f3450ee33ca9
https://fpt-software.udemy.com/course/the-absolute-beginners-guide-to-information-cyber-security/,91f4692b8be3460b9fa2870a3ada7e10,c72087465aad1c53230611bda518c884
https://fpt-software.udemy.com/course/network-security-course/,781c72fd885448b3bbbfd5a1ee86d909,f63beb8df129d4d5157a19ea6247bf8f
https://fpt-software.udemy.com/course/ccna-cisco-200-125-exam-complete-guide/,ec12ade9d2354d55859ebf652aad0efa,e4d4d0652cb9079f18b9f6877d07fab1
https://fpt-software.udemy.com/course/complete-networking-fundamentals-course-ccna-start/,f13b2c0fcb43425c88f62aaf173f1ae8,9eb25edfdc5519b62a403a9e9fa3c3cb
https://fpt-software.udemy.com/course/palo-alto-firewall-pcnse-new-v9-v10-training/,1aa6fcc5ebbf4a9c8d68d2c474e09f51,b9f4e948e65f620a70811a94b0b94556
https://fpt-software.udemy.com/course/ccna-complete/,162f7d326cf24f6dbd1319bc572bbc15,5f676ad00b3fa3056c6cd9681070b2de
https://fpt-software.udemy.com/course/the-complete-internet-security-privacy-course-volume-1/,346d7133688a4bd0b0685f6b85bff5cf,82db192c6b3671d3491157a69ac62075
https://fpt-software.udemy.com/course/cisco-asa-firewall/,12387181ed284a67a67a377991158cb6,37bc80c520e8954505b4569f1cf8ddf9
https://fpt-software.udemy.com/course/cisco-ccna-icnd2-200-105-complete-course-sims-and-gns3/,85c1b393e53a4906a37d9082f0d5a2ce,29ff5fa8f84c4e1b0b0fd3ec556fabc2
https://fpt-software.udemy.com/course/cisco-asa/,07faabc46722406095f3c008f688da53,b9f7b7b2bf93d1e1672cb3a63b66d653
https://fpt-software.udemy.com/course/securityplus/,b569c3e9494f4133acb15e43f4d488e1,9d1c36ce23f5cd75c10e1677f045f4bd
https://fpt-software.udemy.com/course/new-ccna-full-course/,ec7f38341c204988bf06dfffe72c3977,49b6df38c098078987ee40e09d299822
https://fpt-software.udemy.com/course/comptia-network-cert-n10-007-the-total-course/,de140443c3b74a4d9ae257c87c676cdc,03c02cf718c65899e5feba26e7e50e4c
https://fpt-software.udemy.com/course/the-complete-nmap-ethical-hacking-course-network-security/,a6b792e4d9514982aa9957082254883f,5623bd00b9ea57c73b217950723d0de4
https://fpt-software.udemy.com/course/application-security-the-complete-guide/,2605b655c5e7468387578fa1038749e6,82c70dcd6627046990f7345b10c08ea0
https://fpt-software.udemy.com/course/vmware-nsx-t-load-balancing-deep-dive/,042277cf7eb14a07b8eba4392918abc2,70f12639852b7fa62d3ad411334c1efa
https://fpt-software.udemy.com/course/complete-vmware-vsphere-esxi-and-vcenter-administration/,cabee1cd09ac423f953600f99ff7053e,e6f35e376ef9f048dba9c407b4036eb4
https://fpt-software.udemy.com/course/vmwarevsphere/,f3ed33beea5f4dff83998cabbeeb1e52,099e1b389848437b0446c46f8fea4ede
