https://fpt-software.udemy.com/course/docker-course-with-java-and-spring-boot-for-beginners/,6f14447b7ed048fdbcd15eaf905c994e,1a45f26abc1a5a6d85991f8556b02c2a
https://fpt-software.udemy.com/course/java-clean-code-with-refactoring-and-tdd/,4ac02692d7a343e7b5769d93e5fb91f7,5ed91fbd5ea428628e6e10d5d653ce3e
https://fpt-software.udemy.com/course/java-multi-threading-by-sagar/,e29c4d87b4664949b78c8edb430ed177,99aeb4dea5e19e71631ad6ef771b957a
https://fpt-software.udemy.com/course/restful-web-service-with-spring-boot-jpa-and-mysql/,8cb19eae8bbb4e03b977c444e1ea9475,cbee9ee74eb89d651923fa7757d20c58
https://fpt-software.udemy.com/course/multithreading-and-parallel-computing-in-java/,b45ba8d0cb9845de93dcda1da4b74eff,a297c6955aa0b41d5b57c271b58612a8
https://fpt-software.udemy.com/course/efficient-java-multithreading-with-executors/,035e6e053f8a43c3a707f6540e8fdaa1,669f077d0a450afa85d49b39eb40e9d3
https://fpt-software.udemy.com/course/collections-and-concurrent-collection-video-lectures-and-tutorials/,8b05d316ee1149678ae451ae3dd79996,cbe7c7728b318c7acd153e89a48f33d1
https://fpt-software.udemy.com/course/java-the-complete-java-developer-course/,0f169cff2cab45a58f71593cd9f3528b,9e4d7f46135c19877f56a84c953fe4c1
https://fpt-software.udemy.com/course/parallel-and-asynchronous-programming-in-modern-java/,d12885f81cd047788e6c44c38afb7f12,4efe81b039b2157bcf1e7bda9ec49aa3
https://fpt-software.udemy.com/course/java-in-depth-become-a-complete-java-engineer/,f6e8d1ed729741c784d343cf7a7fb6a1,e529804ebd77b4447a202ffa0c74ef76
https://fpt-software.udemy.com/course/corejavamadeeasy/,a5d91e15be2e4970b634b414419ef1ff,c04a769a65a1c326e7b1eca4f0b5415c
https://fpt-software.udemy.com/course/java-multithreading-concurrency-performance-optimization/,8d6e06d8ccb94040ab9c88d8cf949c7c,fb6d1bbde4c98e3beabc78092b4a3913
https://fpt-software.udemy.com/course/java-network-programming/,b93be3f5ac414167a264894fd49f622d,68a790f0f2c118c7f154d89a5feb44ae
https://fpt-software.udemy.com/course/distributed-systems-cloud-computing-with-java/,a23a778123ec4fc38cf9691942f87c3d,1492732595e3dbb35f21927103912c89













https://fpt-software.udemy.com/course/multithreading_parta/,